{"name":"5f4e5f53-c2a3-479e-a265-fbec0a5f9265","id":"/providers/Microsoft.Flow/flows/5f4e5f53-c2a3-479e-a265-fbec0a5f9265","type":"Microsoft.Flow/flows","properties":{"apiId":"/providers/Microsoft.PowerApps/apis/shared_logicflows","displayName":"RemoveUserFromTeam","definition":{"metadata":{"workflowEntityId":null,"processAdvisorMetadata":null,"flowclientsuspensionreason":"None","flowclientsuspensiontime":null,"creator":{"id":"99dd1109-4dcb-4bfd-af16-b566664d7e1b","type":"User","tenantId":"8df7e52b-1199-4490-9988-1e5d23bbb82f"},"provisioningMethod":"FromDefinition","failureAlertSubscription":true,"clientLastModifiedTime":"2021-09-07T08:30:34.2971701Z"},"$schema":"https://schema.management.azure.com/providers/Microsoft.Logic/schemas/2016-06-01/workflowdefinition.json#","contentVersion":"1.0.0.0","parameters":{"$connections":{"defaultValue":{},"type":"Object"},"$authentication":{"defaultValue":{},"type":"SecureObject"}},"triggers":{"Recurrence":{"recurrence":{"frequency":"Week","interval":1,"schedule":{"weekDays":["Monday"],"hours":[7]}},"type":"Recurrence"}},"actions":{"Initialize_FromDate_variable":{"runAfter":{"Initialize_Runcycle":["Succeeded"]},"type":"InitializeVariable","inputs":{"variables":[{"name":"FromDate","type":"String","value":"@{replace(formatDateTime(addMinutes(utcNow() ,variables('Runcycle')) ,'o'),' ','')}"}]},"description":"Runcycle variable is used to define the FromDate variable"},"Initialize_ToDate_variable":{"runAfter":{"Initialize_FromDate_variable":["Succeeded"]},"type":"InitializeVariable","inputs":{"variables":[{"name":"ToDate","type":"String","value":"@{replace(formatDateTime(addDays(utcNow() ,+1) ,'o'),' ','')}"}]}},"_Initialize_AuditOperation_variable":{"runAfter":{"Initialize_ToDate_variable":["Succeeded"]},"type":"InitializeVariable","inputs":{"variables":[{"name":"AuditOperation","type":"string","value":"Add member to group"}]},"description":"Edit: Define which AuditOperation will be queried by the script. E.g. Add member to group = Member has been added to a Group"},"Initialize_Domainfilter_variable":{"runAfter":{"_Initialize_AuditOperation_variable":["Succeeded"]},"type":"InitializeVariable","inputs":{"variables":[{"name":"Domainfilter","type":"string","value":"contoso.com"}]},"description":"Edit: Define which domain will be checked in the script. E.g.: contoso.com will process all users which have been added to a team with the domain contoso.com"},"Graph_Initialize_GraphTenanid":{"runAfter":{"Initialize_Teamname_variable":["Succeeded"]},"type":"InitializeVariable","inputs":{"variables":[{"name":"GraphTenanid","type":"string"}]},"description":"Edit: Enter TenantID"},"Graph_Initialize_GraphClientID":{"runAfter":{"Graph_Initialize_GraphTenanid":["Succeeded"]},"type":"InitializeVariable","inputs":{"variables":[{"name":"GraphClientID","type":"string"}]},"description":"Edit: Enter Graph ApplicationID/ClientID"},"Graph_Initialize_GraphClientSecret":{"runAfter":{"Graph_Initialize_GraphClientID":["Succeeded"]},"type":"InitializeVariable","inputs":{"variables":[{"name":"GraphClientSecret","type":"string"}]},"description":"Edit: Add Graph Application Password / Client Secret"},"Initialize_Runcycle":{"runAfter":{},"type":"InitializeVariable","inputs":{"variables":[{"name":"Runcycle","type":"integer","value":-30}]},"description":"Edit: Enter the a negative value to define the timeframe to be checked by the script.  E.g  -30 = check the last 30min"},"Initialize_Testvariable__variable":{"runAfter":{"Initialize_Domainfilter_variable":["Succeeded"]},"type":"InitializeVariable","inputs":{"variables":[{"name":"Testvariable","type":"string"}]}},"Initialize_GroupOwnerUPN_variable":{"runAfter":{"Initialize_Testvariable__variable":["Succeeded"]},"type":"InitializeVariable","inputs":{"variables":[{"name":"GroupOwnerUPN","type":"string"}]}},"Get_SDS_Access_Token_to_run_Graphquery":{"runAfter":{"Compose_AuditLog_Query":["Succeeded"]},"type":"Http","inputs":{"method":"POST","uri":"https://login.microsoftonline.com/@{variables('GraphTenanid')}/oauth2/v2.0/token","headers":{"Content-Type":"application/x-www-form-urlencoded","Accept":"*/*"},"body":"grant_type=client_credentials&scope=https://graph.microsoft.com/.default&client_id=@{variables('GraphClientID')}&client_secret=@{variables('GraphClientSecret')}"}},"Compose_AuditLog_Query":{"runAfter":{"Graph_Initialize_GraphClientSecret":["Succeeded"]},"type":"Compose","inputs":"https://graph.microsoft.com/v1.0/auditLogs/directoryAudits?$filter=activityDateTime ge @{variables('FromDate')} and activityDateTime le @{variables('ToDate')} and activityDisplayName eq '@{variables('AuditOperation')}'"},"Run_Graphquery_with_Auditoperationfilter":{"runAfter":{"Get_SDS_Access_Token_to_run_Graphquery":["Succeeded"]},"type":"Http","inputs":{"method":"GET","uri":"@{outputs('Compose_AuditLog_Query')}","headers":{"Authorization":"@{body('Get_SDS_Access_Token_to_run_Graphquery')?['access_token']}","Action ":"*/*"}}},"Parse_JSON_from_Auditoperation_Graphquery_":{"runAfter":{"Run_Graphquery_with_Auditoperationfilter":["Succeeded"]},"type":"ParseJson","inputs":{"content":"@body('Run_Graphquery_with_Auditoperationfilter')","schema":{"type":"object","properties":{"type":{"type":"string"},"properties":{"type":"object","properties":{"@@@odata.context":{"type":"object","properties":{"type":{"type":"string"}}},"value":{"type":"object","properties":{"type":{"type":"string"},"items":{"type":"object","properties":{"type":{"type":"string"},"properties":{"type":"object","properties":{"id":{"type":"object","properties":{"type":{"type":"string"}}},"category":{"type":"object","properties":{"type":{"type":"string"}}},"correlationId":{"type":"object","properties":{"type":{"type":"string"}}},"result":{"type":"object","properties":{"type":{"type":"string"}}},"resultReason":{"type":"object","properties":{"type":{"type":"string"}}},"activityDisplayName":{"type":"object","properties":{"type":{"type":"string"}}},"activityDateTime":{"type":"object","properties":{"type":{"type":"string"}}},"loggedByService":{"type":"object","properties":{"type":{"type":"string"}}},"operationType":{"type":"object","properties":{"type":{"type":"string"}}},"initiatedBy":{"type":"object","properties":{"type":{"type":"string"},"properties":{"type":"object","properties":{"app":{"type":"object","properties":{}},"user":{"type":"object","properties":{"type":{"type":"string"},"properties":{"type":"object","properties":{"id":{"type":"object","properties":{"type":{"type":"string"}}},"displayName":{"type":"object","properties":{"type":{"type":"string"}}},"userPrincipalName":{"type":"object","properties":{"type":{"type":"string"}}},"ipAddress":{"type":"object","properties":{"type":{"type":"string"}}},"userType":{"type":"object","properties":{}}}}}}}}}},"targetResources":{"type":"object","properties":{"type":{"type":"string"},"items":{"type":"object","properties":{"type":{"type":"string"},"properties":{"type":"object","properties":{"id":{"type":"object","properties":{"type":{"type":"string"}}},"displayName":{"type":"object","properties":{}},"type":{"type":"object","properties":{"type":{"type":"string"}}},"userPrincipalName":{"type":"object","properties":{"type":{"type":"array","items":{"type":"string"}}}},"groupType":{"type":"object","properties":{}},"modifiedProperties":{"type":"object","properties":{"type":{"type":"string"},"items":{"type":"object","properties":{"type":{"type":"string"},"properties":{"type":"object","properties":{"displayName":{"type":"object","properties":{"type":{"type":"string"}}},"oldValue":{"type":"object","properties":{}},"newValue":{"type":"object","properties":{}}}},"required":{"type":"array","items":{"type":"string"}}}}}}}},"required":{"type":"array","items":{"type":"string"}}}}}},"additionalDetails":{"type":"object","properties":{"type":{"type":"string"},"items":{"type":"object","properties":{"type":{"type":"string"},"properties":{"type":"object","properties":{"key":{"type":"object","properties":{"type":{"type":"string"}}},"value":{"type":"object","properties":{"type":{"type":"string"}}}}},"required":{"type":"array","items":{"type":"string"}}}}}}}},"required":{"type":"array","items":{"type":"string"}}}}}}}}}}}},"For_each_graphquery_result":{"foreach":"@body('Parse_JSON_from_Auditoperation_Graphquery_')?['value']","actions":{"For_each_targetResource_item":{"foreach":"@items('For_each_graphquery_result')['targetResources']","actions":{"Check_if_UPN_not_null":{"actions":{"Check_if_Userdomain_matches_Domainfilter":{"actions":{"Set_UseraddedAADID_var":{"runAfter":{},"type":"SetVariable","inputs":{"name":"UserAddedAADID","value":"@{items('For_each_graphquery_result')?['targetResources']?[0]?['id']}"}},"Set_Teamname_var":{"runAfter":{"Set_GroupOwnerUPN_var":["Succeeded"]},"type":"SetVariable","inputs":{"name":"Teamname","value":"@{items('For_each_graphquery_result')?['targetResources']?[0]?['modifiedProperties']?[1]?['newValue']}"}},"Set_GroupOwnerUPN_var":{"runAfter":{"Set_AADGroupID_var":["Succeeded"]},"type":"SetVariable","inputs":{"name":"GroupOwnerUPN","value":"@{items('For_each_graphquery_result')?['initiatedBy'].user.userPrincipalName}"}},"HTTP_Remove_user_from_group":{"runAfter":{"Set_Teamname_var":["Succeeded"]},"type":"Http","inputs":{"method":"DELETE","uri":"https://graph.microsoft.com/v1.0/groups/@{variables('AADGroupID')}/members/@{variables('UserAddedAADID')}/$ref","headers":{"Authorization":"@{body('Get_SDS_Access_Token_to_run_Graphquery')?['access_token']}","Action ":"*/*"}}},"Check_if_User_has_been_removed_from_the_group_to_send_email":{"actions":{"Send_an_email_(V2)_2":{"runAfter":{},"type":"OpenApiConnection","inputs":{"host":{"apiId":"/providers/Microsoft.PowerApps/apis/shared_office365","connectionName":"shared_office365","operationId":"SendEmailV2"},"parameters":{"emailMessage/To":"@{variables('UserAddedUPN')};@{variables('GroupOwnerUPN')}","emailMessage/Subject":"User @{variables('UserAddedUPN')} wurde aus dem Team @{variables('Teamname')} entfern","emailMessage/Body":"<p>Aufgrund einer Unternehmensrichtlinien wurde User @{variables('UserAddedUPN')} automatisch aus dem Team @{variables('Teamname')} entfernt.<br>\n<br>\nBitte wenden Sie sich an den Administrator.</p>"},"authentication":"@parameters('$authentication')"}}},"runAfter":{"HTTP_Remove_user_from_group":["Succeeded","Failed","Skipped","TimedOut"]},"expression":{"equals":["@outputs('HTTP_Remove_user_from_group')['statusCode']",204]},"type":"If","description":"Statuscode 204 will be returned by the Graph Query if the User has been removed from the Group."},"Set_AADGroupID_var":{"runAfter":{"Set_UseraddedAADID_var":["Succeeded"]},"type":"SetVariable","inputs":{"name":"AADGroupID","value":"@{replace(items('For_each_graphquery_result')?['targetResources']?[0]?['modifiedProperties']?[0]?['newValue'],'\"','')}"}}},"runAfter":{},"expression":{"contains":["@variables('UserAddedUPN')","@variables('Domainfilter')"]},"type":"If"}},"runAfter":{},"expression":{"not":{"equals":["@items('For_each_targetResource_item')?['userPrincipalName']","@null"]}},"type":"If"}},"runAfter":{"Set_UseraddedUPN_var":["Succeeded"]},"type":"Foreach"},"Set_UseraddedUPN_var":{"runAfter":{},"type":"SetVariable","inputs":{"name":"UserAddedUPN","value":"@{items('For_each_graphquery_result')?['targetResources']?[0]?['userPrincipalName']}"}}},"runAfter":{"Parse_JSON_from_Auditoperation_Graphquery_":["Succeeded"]},"type":"Foreach"},"Initialize_UserAddedUPN_variable":{"runAfter":{"Initialize_AADGroupID_variable":["Succeeded"]},"type":"InitializeVariable","inputs":{"variables":[{"name":"UserAddedUPN","type":"string"}]}},"Initialize_Teamname_variable":{"runAfter":{"Initialize_UserAddedAADID_variable":["Succeeded"]},"type":"InitializeVariable","inputs":{"variables":[{"name":"Teamname","type":"string"}]}},"Initialize_AADGroupID_variable":{"runAfter":{"Initialize_GroupOwnerUPN_variable":["Succeeded"]},"type":"InitializeVariable","inputs":{"variables":[{"name":"AADGroupID","type":"string"}]}},"Initialize_UserAddedAADID_variable":{"runAfter":{"Initialize_UserAddedUPN_variable":["Succeeded"]},"type":"InitializeVariable","inputs":{"variables":[{"name":"UserAddedAADID","type":"string"}]}}},"outputs":{}},"connectionReferences":{"shared_office365":{"connectionName":"shared-office365-846e18d4-7694-43ec-954b-84f3-4649e5bc","source":"Embedded","id":"/providers/Microsoft.PowerApps/apis/shared_office365","tier":"NotSpecified"}},"flowFailureAlertSubscribed":false}}